path,label
data/A/000000.jpg,A
data/A/000001.jpg,A
data/A/000002.jpg,A
data/A/000003.jpg,A
data/A/000004.jpg,A
data/A/000005.jpg,A
data/A/000006.jpg,A
data/A/000007.jpg,A
data/A/000008.jpg,A
data/A/000009.jpg,A
data/A/000010.jpg,A
data/A/000011.jpg,A
data/A/000012.jpg,A
data/A/000013.jpg,A
data/A/000014.jpg,A
data/A/000015.jpg,A
data/A/000016.jpg,A
data/A/000017.jpg,A
data/A/000018.jpg,A
data/A/000019.jpg,A
data/A/000020.jpg,A
data/A/000021.jpg,A
data/A/000022.jpg,A
data/A/000023.jpg,A
data/A/000024.jpg,A
data/A/000025.jpg,A
data/A/000026.jpg,A
data/A/000027.jpg,A
data/A/000028.jpg,A
data/A/000029.jpg,A
data/A/000030.jpg,A
data/A/000031.jpg,A
data/A/000032.jpg,A
data/A/000033.jpg,A
data/A/000034.jpg,A
data/A/000035.jpg,A
data/A/000036.jpg,A
data/A/000037.jpg,A
data/A/000038.jpg,A
data/A/000039.jpg,A
data/A/000040.jpg,A
data/A/000041.jpg,A
data/A/000042.jpg,A
data/A/000043.jpg,A
data/A/000044.jpg,A
data/A/000045.jpg,A
data/A/000046.jpg,A
data/A/000047.jpg,A
data/A/000048.jpg,A
data/A/000049.jpg,A
data/A/000050.jpg,A
data/A/000051.jpg,A
data/A/000052.jpg,A
data/A/000053.jpg,A
data/A/000054.jpg,A
data/A/000055.jpg,A
data/A/000056.jpg,A
data/A/000057.jpg,A
data/A/000058.jpg,A
data/A/000059.jpg,A
data/A/000060.jpg,A
data/A/000061.jpg,A
data/A/000062.jpg,A
data/A/000063.jpg,A
data/A/000064.jpg,A
data/A/000065.jpg,A
data/A/000066.jpg,A
data/A/000067.jpg,A
data/A/000068.jpg,A
data/A/000069.jpg,A
data/A/000070.jpg,A
data/A/000071.jpg,A
data/A/000072.jpg,A
data/A/000073.jpg,A
data/A/000074.jpg,A
data/A/000075.jpg,A
data/A/000076.jpg,A
data/A/000077.jpg,A
data/A/000078.jpg,A
data/A/000079.jpg,A
data/A/000080.jpg,A
data/A/000081.jpg,A
data/A/000082.jpg,A
data/A/000083.jpg,A
data/A/000084.jpg,A
data/A/000085.jpg,A
data/A/000086.jpg,A
data/A/000087.jpg,A
data/A/000088.jpg,A
data/A/000089.jpg,A
data/A/000090.jpg,A
data/A/000091.jpg,A
data/A/000092.jpg,A
data/A/000093.jpg,A
data/A/000094.jpg,A
data/A/000095.jpg,A
data/A/000096.jpg,A
data/A/000097.jpg,A
data/A/000098.jpg,A
data/A/000099.jpg,A
data/A/000100.jpg,A
data/A/000101.jpg,A
data/A/000102.jpg,A
data/A/000103.jpg,A
data/A/000104.jpg,A
data/A/000105.jpg,A
data/A/000106.jpg,A
data/A/000107.jpg,A
data/A/000108.jpg,A
data/A/000109.jpg,A
data/A/000110.jpg,A
data/A/000111.jpg,A
data/A/000112.jpg,A
data/A/000113.jpg,A
data/A/000114.jpg,A
data/A/000115.jpg,A
data/A/000116.jpg,A
data/A/000117.jpg,A
data/A/000118.jpg,A
data/A/000119.jpg,A
data/A/000120.jpg,A
data/A/000121.jpg,A
data/A/000122.jpg,A
data/A/000123.jpg,A
data/A/000124.jpg,A
data/A/000125.jpg,A
data/A/000126.jpg,A
data/A/000127.jpg,A
data/A/000128.jpg,A
data/A/000129.jpg,A
data/A/000130.jpg,A
data/A/000131.jpg,A
data/A/000132.jpg,A
data/A/000133.jpg,A
data/A/000134.jpg,A
data/A/000135.jpg,A
data/A/000136.jpg,A
data/A/000137.jpg,A
data/A/000138.jpg,A
data/A/000139.jpg,A
data/A/000140.jpg,A
data/A/000141.jpg,A
data/A/000142.jpg,A
data/A/000143.jpg,A
data/A/000144.jpg,A
data/A/000145.jpg,A
data/A/000146.jpg,A
data/A/000147.jpg,A
data/A/000148.jpg,A
data/A/000149.jpg,A
data/A/000150.jpg,A
data/A/000151.jpg,A
data/A/000152.jpg,A
data/A/000153.jpg,A
data/A/000154.jpg,A
data/A/000155.jpg,A
data/A/000156.jpg,A
data/A/000157.jpg,A
data/A/000158.jpg,A
data/A/000159.jpg,A
data/A/000160.jpg,A
data/A/000161.jpg,A
data/A/000162.jpg,A
data/A/000163.jpg,A
data/A/000164.jpg,A
data/A/000165.jpg,A
data/A/000166.jpg,A
data/A/000167.jpg,A
data/A/000168.jpg,A
data/A/000169.jpg,A
data/A/000170.jpg,A
data/A/000171.jpg,A
data/A/000172.jpg,A
data/A/000173.jpg,A
data/A/000174.jpg,A
data/A/000175.jpg,A
data/A/000176.jpg,A
data/A/000177.jpg,A
data/A/000178.jpg,A
data/A/000179.jpg,A
data/A/000180.jpg,A
data/A/000181.jpg,A
data/A/000182.jpg,A
data/A/000183.jpg,A
data/A/000184.jpg,A
data/A/000185.jpg,A
data/A/000186.jpg,A
data/A/000187.jpg,A
data/A/000188.jpg,A
data/A/000189.jpg,A
data/A/000190.jpg,A
data/A/000191.jpg,A
data/A/000192.jpg,A
data/A/000193.jpg,A
data/A/000194.jpg,A
data/A/000195.jpg,A
data/A/000196.jpg,A
data/A/000197.jpg,A
data/A/000198.jpg,A
data/A/000199.jpg,A
data/A/000200.jpg,A
data/A/000201.jpg,A
data/A/000202.jpg,A
data/A/000203.jpg,A
data/A/000204.jpg,A
data/A/000205.jpg,A
data/A/000206.jpg,A
data/A/000207.jpg,A
data/A/000208.jpg,A
data/A/000209.jpg,A
data/A/000210.jpg,A
data/A/000211.jpg,A
data/A/000212.jpg,A
data/A/000213.jpg,A
data/A/000214.jpg,A
data/A/000215.jpg,A
data/A/000216.jpg,A
data/A/000217.jpg,A
data/A/000218.jpg,A
data/A/000219.jpg,A
data/A/000220.jpg,A
data/A/000221.jpg,A
data/A/000222.jpg,A
data/A/000223.jpg,A
data/A/000224.jpg,A
data/A/000225.jpg,A
data/A/000226.jpg,A
data/A/000227.jpg,A
data/A/000228.jpg,A
data/A/000229.jpg,A
data/A/000230.jpg,A
data/A/000231.jpg,A
data/A/000232.jpg,A
data/A/000233.jpg,A
data/A/000234.jpg,A
data/A/000235.jpg,A
data/A/000236.jpg,A
data/A/000237.jpg,A
data/A/000238.jpg,A
data/A/000239.jpg,A
data/A/000240.jpg,A
data/A/000241.jpg,A
data/A/000242.jpg,A
data/A/000243.jpg,A
data/A/000244.jpg,A
data/A/000245.jpg,A
data/A/000246.jpg,A
data/A/000247.jpg,A
data/A/000248.jpg,A
data/A/000249.jpg,A
data/A/000250.jpg,A
data/A/000251.jpg,A
data/A/000252.jpg,A
data/A/000253.jpg,A
data/A/000254.jpg,A
data/A/000255.jpg,A
data/A/000256.jpg,A
data/A/000257.jpg,A
data/A/000258.jpg,A
data/A/000259.jpg,A
data/A/000260.jpg,A
data/A/000261.jpg,A
data/A/000262.jpg,A
data/A/000263.jpg,A
data/A/000264.jpg,A
data/A/000265.jpg,A
data/A/000266.jpg,A
data/A/000267.jpg,A
data/A/000268.jpg,A
data/A/000269.jpg,A
data/A/000270.jpg,A
data/A/000271.jpg,A
data/A/000272.jpg,A
data/A/000273.jpg,A
data/A/000274.jpg,A
data/A/000275.jpg,A
data/A/000276.jpg,A
data/A/000277.jpg,A
data/A/000278.jpg,A
data/A/000279.jpg,A
data/A/000280.jpg,A
data/A/000281.jpg,A
data/A/000282.jpg,A
data/A/000283.jpg,A
data/A/000284.jpg,A
data/A/000285.jpg,A
data/A/000286.jpg,A
data/A/000287.jpg,A
data/A/000288.jpg,A
data/A/000289.jpg,A
data/A/000290.jpg,A
data/A/000291.jpg,A
data/A/000292.jpg,A
data/A/000293.jpg,A
data/A/000294.jpg,A
data/A/000295.jpg,A
data/A/000296.jpg,A
data/A/000297.jpg,A
data/A/000298.jpg,A
data/A/000299.jpg,A
data/A/000300.jpg,A
data/A/000301.jpg,A
data/A/000302.jpg,A
data/A/000303.jpg,A
data/A/000304.jpg,A
data/A/000305.jpg,A
data/A/000306.jpg,A
data/A/000307.jpg,A
data/A/000308.jpg,A
data/A/000309.jpg,A
data/A/000310.jpg,A
data/A/000311.jpg,A
data/A/000312.jpg,A
data/A/000313.jpg,A
data/A/000314.jpg,A
data/A/000315.jpg,A
data/A/000316.jpg,A
data/A/000317.jpg,A
data/A/000318.jpg,A
data/A/000319.jpg,A
data/A/000320.jpg,A
data/A/000321.jpg,A
data/A/000322.jpg,A
data/A/000323.jpg,A
data/A/000324.jpg,A
data/A/000325.jpg,A
data/A/000326.jpg,A
data/A/000327.jpg,A
data/A/000328.jpg,A
data/A/000329.jpg,A
data/A/000330.jpg,A
data/A/000331.jpg,A
data/A/000332.jpg,A
data/A/000333.jpg,A
data/A/000334.jpg,A
data/A/000335.jpg,A
data/A/000336.jpg,A
data/A/000337.jpg,A
data/A/000338.jpg,A
data/A/000339.jpg,A
data/A/000340.jpg,A
data/A/000341.jpg,A
data/A/000342.jpg,A
data/A/000343.jpg,A
data/A/000344.jpg,A
data/A/000345.jpg,A
data/A/000346.jpg,A
data/A/000347.jpg,A
data/A/000348.jpg,A
data/A/000349.jpg,A
data/A/000350.jpg,A
data/A/000351.jpg,A
data/A/000352.jpg,A
data/A/000353.jpg,A
data/A/000354.jpg,A
data/A/000355.jpg,A
data/A/000356.jpg,A
data/A/000357.jpg,A
data/A/000358.jpg,A
data/A/000359.jpg,A
data/A/000360.jpg,A
data/A/000361.jpg,A
data/A/000362.jpg,A
data/A/000363.jpg,A
data/A/000364.jpg,A
data/A/000365.jpg,A
data/A/000366.jpg,A
data/A/000367.jpg,A
data/A/000368.jpg,A
data/A/000369.jpg,A
data/A/000370.jpg,A
data/A/000371.jpg,A
data/A/000372.jpg,A
data/A/000373.jpg,A
data/A/000374.jpg,A
data/A/000375.jpg,A
data/A/000376.jpg,A
data/A/000377.jpg,A
data/A/000378.jpg,A
data/A/000379.jpg,A
data/A/000380.jpg,A
data/A/000381.jpg,A
data/A/000382.jpg,A
data/A/000383.jpg,A
data/A/000384.jpg,A
data/A/000385.jpg,A
data/A/000386.jpg,A
data/A/000387.jpg,A
data/A/000388.jpg,A
data/A/000389.jpg,A
data/A/000390.jpg,A
data/A/000391.jpg,A
data/A/000392.jpg,A
data/A/000393.jpg,A
data/A/000394.jpg,A
data/A/000395.jpg,A
data/A/000396.jpg,A
data/A/000397.jpg,A
data/A/000398.jpg,A
data/A/000399.jpg,A
data/A/000400.jpg,A
data/A/000401.jpg,A
data/A/000402.jpg,A
data/A/000403.jpg,A
data/A/000404.jpg,A
data/A/000405.jpg,A
data/A/000406.jpg,A
data/A/000407.jpg,A
data/A/000408.jpg,A
data/A/000409.jpg,A
data/A/000410.jpg,A
data/aw/000000.jpg,A
data/aw/000000.jpg,w
data/aw/000001.jpg,A
data/aw/000001.jpg,w
data/aw/000002.jpg,A
data/aw/000002.jpg,w
data/aw/000003.jpg,A
data/aw/000003.jpg,w
data/aw/000004.jpg,A
data/aw/000004.jpg,w
data/aw/000005.jpg,A
data/aw/000005.jpg,w
data/D/000000.jpg,D
data/D/000001.jpg,D
data/D/000002.jpg,D
data/D/000003.jpg,D
data/D/000004.jpg,D
data/D/000005.jpg,D
data/D/000006.jpg,D
data/D/000007.jpg,D
data/D/000008.jpg,D
data/D/000009.jpg,D
data/D/000010.jpg,D
data/D/000011.jpg,D
data/D/000012.jpg,D
data/D/000013.jpg,D
data/D/000014.jpg,D
data/D/000015.jpg,D
data/D/000016.jpg,D
data/D/000017.jpg,D
data/D/000018.jpg,D
data/D/000019.jpg,D
data/D/000020.jpg,D
data/D/000021.jpg,D
data/D/000022.jpg,D
data/D/000023.jpg,D
data/D/000024.jpg,D
data/D/000025.jpg,D
data/D/000026.jpg,D
data/D/000027.jpg,D
data/D/000028.jpg,D
data/D/000029.jpg,D
data/D/000030.jpg,D
data/D/000031.jpg,D
data/D/000032.jpg,D
data/D/000033.jpg,D
data/D/000034.jpg,D
data/D/000035.jpg,D
data/D/000036.jpg,D
data/D/000037.jpg,D
data/D/000038.jpg,D
data/D/000039.jpg,D
data/D/000040.jpg,D
data/D/000041.jpg,D
data/D/000042.jpg,D
data/D/000043.jpg,D
data/D/000044.jpg,D
data/D/000045.jpg,D
data/D/000046.jpg,D
data/D/000047.jpg,D
data/D/000048.jpg,D
data/D/000049.jpg,D
data/D/000050.jpg,D
data/D/000051.jpg,D
data/D/000052.jpg,D
data/D/000053.jpg,D
data/D/000054.jpg,D
data/D/000055.jpg,D
data/D/000056.jpg,D
data/D/000057.jpg,D
data/D/000058.jpg,D
data/D/000059.jpg,D
data/D/000060.jpg,D
data/D/000061.jpg,D
data/D/000062.jpg,D
data/D/000063.jpg,D
data/D/000064.jpg,D
data/D/000065.jpg,D
data/D/000066.jpg,D
data/D/000067.jpg,D
data/D/000068.jpg,D
data/D/000069.jpg,D
data/D/000070.jpg,D
data/D/000071.jpg,D
data/D/000072.jpg,D
data/D/000073.jpg,D
data/D/000074.jpg,D
data/D/000075.jpg,D
data/D/000076.jpg,D
data/D/000077.jpg,D
data/D/000078.jpg,D
data/D/000079.jpg,D
data/D/000080.jpg,D
data/D/000081.jpg,D
data/D/000082.jpg,D
data/D/000083.jpg,D
data/D/000084.jpg,D
data/D/000085.jpg,D
data/D/000086.jpg,D
data/D/000087.jpg,D
data/D/000088.jpg,D
data/D/000089.jpg,D
data/D/000090.jpg,D
data/D/000091.jpg,D
data/D/000092.jpg,D
data/D/000093.jpg,D
data/D/000094.jpg,D
data/D/000095.jpg,D
data/D/000096.jpg,D
data/D/000097.jpg,D
data/D/000098.jpg,D
data/D/000099.jpg,D
data/D/000100.jpg,D
data/D/000101.jpg,D
data/D/000102.jpg,D
data/D/000103.jpg,D
data/D/000104.jpg,D
data/D/000105.jpg,D
data/D/000106.jpg,D
data/D/000107.jpg,D
data/D/000108.jpg,D
data/D/000109.jpg,D
data/D/000110.jpg,D
data/D/000111.jpg,D
data/D/000112.jpg,D
data/D/000113.jpg,D
data/D/000114.jpg,D
data/D/000115.jpg,D
data/D/000116.jpg,D
data/D/000117.jpg,D
data/D/000118.jpg,D
data/D/000119.jpg,D
data/D/000120.jpg,D
data/D/000121.jpg,D
data/D/000122.jpg,D
data/D/000123.jpg,D
data/D/000124.jpg,D
data/D/000125.jpg,D
data/D/000126.jpg,D
data/D/000127.jpg,D
data/D/000128.jpg,D
data/D/000129.jpg,D
data/D/000130.jpg,D
data/D/000131.jpg,D
data/D/000132.jpg,D
data/D/000133.jpg,D
data/D/000134.jpg,D
data/D/000135.jpg,D
data/D/000136.jpg,D
data/D/000137.jpg,D
data/D/000138.jpg,D
data/D/000139.jpg,D
data/D/000140.jpg,D
data/D/000141.jpg,D
data/D/000142.jpg,D
data/D/000143.jpg,D
data/D/000144.jpg,D
data/D/000145.jpg,D
data/D/000146.jpg,D
data/D/000147.jpg,D
data/D/000148.jpg,D
data/D/000149.jpg,D
data/D/000150.jpg,D
data/D/000151.jpg,D
data/D/000152.jpg,D
data/D/000153.jpg,D
data/D/000154.jpg,D
data/D/000155.jpg,D
data/D/000156.jpg,D
data/D/000157.jpg,D
data/D/000158.jpg,D
data/D/000159.jpg,D
data/D/000160.jpg,D
data/D/000161.jpg,D
data/D/000162.jpg,D
data/D/000163.jpg,D
data/D/000164.jpg,D
data/D/000165.jpg,D
data/D/000166.jpg,D
data/D/000167.jpg,D
data/D/000168.jpg,D
data/D/000169.jpg,D
data/D/000170.jpg,D
data/D/000171.jpg,D
data/D/000172.jpg,D
data/D/000173.jpg,D
data/D/000174.jpg,D
data/D/000175.jpg,D
data/D/000176.jpg,D
data/D/000177.jpg,D
data/D/000178.jpg,D
data/D/000179.jpg,D
data/D/000180.jpg,D
data/D/000181.jpg,D
data/D/000182.jpg,D
data/D/000183.jpg,D
data/D/000184.jpg,D
data/D/000185.jpg,D
data/D/000186.jpg,D
data/D/000187.jpg,D
data/D/000188.jpg,D
data/D/000189.jpg,D
data/D/000190.jpg,D
data/D/000191.jpg,D
data/D/000192.jpg,D
data/D/000193.jpg,D
data/D/000194.jpg,D
data/D/000195.jpg,D
data/D/000196.jpg,D
data/D/000197.jpg,D
data/D/000198.jpg,D
data/D/000199.jpg,D
data/D/000200.jpg,D
data/D/000201.jpg,D
data/D/000202.jpg,D
data/D/000203.jpg,D
data/D/000204.jpg,D
data/D/000205.jpg,D
data/D/000206.jpg,D
data/D/000207.jpg,D
data/D/000208.jpg,D
data/D/000209.jpg,D
data/D/000210.jpg,D
data/D/000211.jpg,D
data/D/000212.jpg,D
data/D/000213.jpg,D
data/D/000214.jpg,D
data/D/000215.jpg,D
data/D/000216.jpg,D
data/D/000217.jpg,D
data/D/000218.jpg,D
data/D/000219.jpg,D
data/D/000220.jpg,D
data/D/000221.jpg,D
data/D/000222.jpg,D
data/D/000223.jpg,D
data/D/000224.jpg,D
data/D/000225.jpg,D
data/D/000226.jpg,D
data/D/000227.jpg,D
data/D/000228.jpg,D
data/D/000229.jpg,D
data/D/000230.jpg,D
data/D/000231.jpg,D
data/D/000232.jpg,D
data/D/000233.jpg,D
data/D/000234.jpg,D
data/D/000235.jpg,D
data/D/000236.jpg,D
data/D/000237.jpg,D
data/D/000238.jpg,D
data/D/000239.jpg,D
data/D/000240.jpg,D
data/D/000241.jpg,D
data/D/000242.jpg,D
data/D/000243.jpg,D
data/D/000244.jpg,D
data/D/000245.jpg,D
data/D/000246.jpg,D
data/D/000247.jpg,D
data/D/000248.jpg,D
data/D/000249.jpg,D
data/D/000250.jpg,D
data/D/000251.jpg,D
data/D/000252.jpg,D
data/D/000253.jpg,D
data/D/000254.jpg,D
data/D/000255.jpg,D
data/D/000256.jpg,D
data/D/000257.jpg,D
data/D/000258.jpg,D
data/D/000259.jpg,D
data/D/000260.jpg,D
data/D/000261.jpg,D
data/D/000262.jpg,D
data/D/000263.jpg,D
data/D/000264.jpg,D
data/D/000265.jpg,D
data/D/000266.jpg,D
data/D/000267.jpg,D
data/D/000268.jpg,D
data/D/000269.jpg,D
data/D/000270.jpg,D
data/D/000271.jpg,D
data/D/000272.jpg,D
data/D/000273.jpg,D
data/D/000274.jpg,D
data/D/000275.jpg,D
data/D/000276.jpg,D
data/D/000277.jpg,D
data/D/000278.jpg,D
data/D/000279.jpg,D
data/D/000280.jpg,D
data/D/000281.jpg,D
data/D/000282.jpg,D
data/D/000283.jpg,D
data/D/000284.jpg,D
data/D/000285.jpg,D
data/D/000286.jpg,D
data/D/000287.jpg,D
data/D/000288.jpg,D
data/D/000289.jpg,D
data/D/000290.jpg,D
data/D/000291.jpg,D
data/D/000292.jpg,D
data/D/000293.jpg,D
data/D/000294.jpg,D
data/D/000295.jpg,D
data/D/000296.jpg,D
data/D/000297.jpg,D
data/D/000298.jpg,D
data/D/000299.jpg,D
data/D/000300.jpg,D
data/D/000301.jpg,D
data/D/000302.jpg,D
data/D/000303.jpg,D
data/D/000304.jpg,D
data/D/000305.jpg,D
data/D/000306.jpg,D
data/D/000307.jpg,D
data/D/000308.jpg,D
data/D/000309.jpg,D
data/D/000310.jpg,D
data/D/000311.jpg,D
data/D/000312.jpg,D
data/D/000313.jpg,D
data/D/000314.jpg,D
data/D/000315.jpg,D
data/D/000316.jpg,D
data/D/000317.jpg,D
data/D/000318.jpg,D
data/D/000319.jpg,D
data/D/000320.jpg,D
data/D/000321.jpg,D
data/D/000322.jpg,D
data/D/000323.jpg,D
data/D/000324.jpg,D
data/D/000325.jpg,D
data/D/000326.jpg,D
data/D/000327.jpg,D
data/D/000328.jpg,D
data/D/000329.jpg,D
data/D/000330.jpg,D
data/D/000331.jpg,D
data/D/000332.jpg,D
data/D/000333.jpg,D
data/D/000334.jpg,D
data/D/000335.jpg,D
data/D/000336.jpg,D
data/D/000337.jpg,D
data/D/000338.jpg,D
data/D/000339.jpg,D
data/D/000340.jpg,D
data/D/000341.jpg,D
data/D/000342.jpg,D
data/D/000343.jpg,D
data/D/000344.jpg,D
data/D/000345.jpg,D
data/D/000346.jpg,D
data/D/000347.jpg,D
data/D/000348.jpg,D
data/D/000349.jpg,D
data/D/000350.jpg,D
data/D/000351.jpg,D
data/D/000352.jpg,D
data/D/000353.jpg,D
data/D/000354.jpg,D
data/D/000355.jpg,D
data/D/000356.jpg,D
data/D/000357.jpg,D
data/D/000358.jpg,D
data/D/000359.jpg,D
data/D/000360.jpg,D
data/D/000361.jpg,D
data/D/000362.jpg,D
data/D/000363.jpg,D
data/D/000364.jpg,D
data/D/000365.jpg,D
data/D/000366.jpg,D
data/D/000367.jpg,D
data/D/000368.jpg,D
data/D/000369.jpg,D
data/D/000370.jpg,D
data/D/000371.jpg,D
data/D/000372.jpg,D
data/D/000373.jpg,D
data/D/000374.jpg,D
data/D/000375.jpg,D
data/D/000376.jpg,D
data/D/000377.jpg,D
data/D/000378.jpg,D
data/D/000379.jpg,D
data/D/000380.jpg,D
data/D/000381.jpg,D
data/D/000382.jpg,D
data/D/000383.jpg,D
data/D/000384.jpg,D
data/D/000385.jpg,D
data/D/000386.jpg,D
data/D/000387.jpg,D
data/D/000388.jpg,D
data/D/000389.jpg,D
data/D/000390.jpg,D
data/D/000391.jpg,D
data/D/000392.jpg,D
data/D/000393.jpg,D
data/D/000394.jpg,D
data/D/000395.jpg,D
data/D/000396.jpg,D
data/D/000397.jpg,D
data/D/000398.jpg,D
data/D/000399.jpg,D
data/D/000400.jpg,D
data/D/000401.jpg,D
data/D/000402.jpg,D
data/D/000403.jpg,D
data/D/000404.jpg,D
data/D/000405.jpg,D
data/D/000406.jpg,D
data/D/000407.jpg,D
data/D/000408.jpg,D
data/D/000409.jpg,D
data/D/000410.jpg,D
data/D/000411.jpg,D
data/D/000412.jpg,D
data/D/000413.jpg,D
data/D/000414.jpg,D
data/D/000415.jpg,D
data/D/000416.jpg,D
data/D/000417.jpg,D
data/D/000418.jpg,D
data/D/000419.jpg,D
data/D/000420.jpg,D
data/D/000421.jpg,D
data/D/000422.jpg,D
data/D/000423.jpg,D
data/D/000424.jpg,D
data/D/000425.jpg,D
data/D/000426.jpg,D
data/D/000427.jpg,D
data/D/000428.jpg,D
data/D/000429.jpg,D
data/D/000430.jpg,D
data/D/000431.jpg,D
data/D/000432.jpg,D
data/D/000433.jpg,D
data/D/000434.jpg,D
data/D/000435.jpg,D
data/D/000436.jpg,D
data/D/000437.jpg,D
data/dw/000000.jpg,D
data/dw/000000.jpg,w
data/dw/000001.jpg,D
data/dw/000001.jpg,w
data/dw/000002.jpg,D
data/dw/000002.jpg,w
data/dw/000003.jpg,D
data/dw/000003.jpg,w
data/dw/000004.jpg,D
data/dw/000004.jpg,w
data/dw/000005.jpg,D
data/dw/000005.jpg,w
data/dw/000006.jpg,D
data/dw/000006.jpg,w
data/dw/000007.jpg,D
data/dw/000007.jpg,w
data/dw/000008.jpg,D
data/dw/000008.jpg,w
data/dw/000009.jpg,D
data/dw/000009.jpg,w
data/dw/000010.jpg,D
data/dw/000010.jpg,w
data/dw/000011.jpg,D
data/dw/000011.jpg,w
data/dw/000012.jpg,D
data/dw/000012.jpg,w
data/dw/000013.jpg,D
data/dw/000013.jpg,w
data/dw/000014.jpg,D
data/dw/000014.jpg,w
data/dw/000015.jpg,D
data/dw/000015.jpg,w
data/dw/000016.jpg,D
data/dw/000016.jpg,w
data/dw/000017.jpg,D
data/dw/000017.jpg,w
data/dw/000018.jpg,D
data/dw/000018.jpg,w
data/dw/000019.jpg,D
data/dw/000019.jpg,w
data/dw/000020.jpg,D
data/dw/000020.jpg,w
data/dw/000021.jpg,D
data/dw/000021.jpg,w
data/dw/000022.jpg,D
data/dw/000022.jpg,w
data/dw/000023.jpg,D
data/dw/000023.jpg,w
data/dw/000024.jpg,D
data/dw/000024.jpg,w
data/dw/000025.jpg,D
data/dw/000025.jpg,w
data/dw/000026.jpg,D
data/dw/000026.jpg,w
data/dw/000027.jpg,D
data/dw/000027.jpg,w
data/dw/000028.jpg,D
data/dw/000028.jpg,w
data/dw/000029.jpg,D
data/dw/000029.jpg,w
data/dw/000030.jpg,D
data/dw/000030.jpg,w
data/dw/000031.jpg,D
data/dw/000031.jpg,w
data/dw/000032.jpg,D
data/dw/000032.jpg,w
data/dw/000033.jpg,D
data/dw/000033.jpg,w
data/dw/000034.jpg,D
data/dw/000034.jpg,w
data/dw/000035.jpg,D
data/dw/000035.jpg,w
data/dw/000036.jpg,D
data/dw/000036.jpg,w
data/dw/000037.jpg,D
data/dw/000037.jpg,w
data/dw/000038.jpg,D
data/dw/000038.jpg,w
data/dw/000039.jpg,D
data/dw/000039.jpg,w
data/dw/000040.jpg,D
data/dw/000040.jpg,w
data/dw/000041.jpg,D
data/dw/000041.jpg,w
data/dw/000042.jpg,D
data/dw/000042.jpg,w
data/l/000000.jpg,l
data/l/000001.jpg,l
data/l/000002.jpg,l
data/l/000003.jpg,l
data/l/000004.jpg,l
data/l/000005.jpg,l
data/l/000006.jpg,l
data/l/000007.jpg,l
data/l/000008.jpg,l
data/l/000009.jpg,l
data/l/000010.jpg,l
data/l/000011.jpg,l
data/l/000012.jpg,l
data/l/000013.jpg,l
data/l/000014.jpg,l
data/l/000015.jpg,l
data/l/000016.jpg,l
data/l/000017.jpg,l
data/l/000018.jpg,l
data/l/000019.jpg,l
data/l/000020.jpg,l
data/l/000021.jpg,l
data/l/000022.jpg,l
data/l/000023.jpg,l
data/l/000024.jpg,l
data/l/000025.jpg,l
data/l/000026.jpg,l
data/l/000027.jpg,l
data/l/000028.jpg,l
data/l/000029.jpg,l
data/l/000030.jpg,l
data/l/000031.jpg,l
data/l/000032.jpg,l
data/l/000033.jpg,l
data/l/000034.jpg,l
data/l/000035.jpg,l
data/l/000036.jpg,l
data/l/000037.jpg,l
data/l/000038.jpg,l
data/l/000039.jpg,l
data/l/000040.jpg,l
data/l/000041.jpg,l
data/l/000042.jpg,l
data/l/000043.jpg,l
data/l/000044.jpg,l
data/l/000045.jpg,l
data/l/000046.jpg,l
data/l/000047.jpg,l
data/l/000048.jpg,l
data/l/000049.jpg,l
data/l/000050.jpg,l
data/l/000051.jpg,l
data/l/000052.jpg,l
data/l/000053.jpg,l
data/l/000054.jpg,l
data/l/000055.jpg,l
data/l/000056.jpg,l
data/l/000057.jpg,l
data/l/000058.jpg,l
data/l/000059.jpg,l
data/l/000060.jpg,l
data/l/000061.jpg,l
data/l/000062.jpg,l
data/l/000063.jpg,l
data/l/000064.jpg,l
data/l/000065.jpg,l
data/l/000066.jpg,l
data/l/000067.jpg,l
data/l/000068.jpg,l
data/l/000069.jpg,l
data/l/000070.jpg,l
data/l/000071.jpg,l
data/l/000072.jpg,l
data/l/000073.jpg,l
data/l/000074.jpg,l
data/l/000075.jpg,l
data/l/000076.jpg,l
data/l/000077.jpg,l
data/l/000078.jpg,l
data/l/000079.jpg,l
data/l/000080.jpg,l
data/l/000081.jpg,l
data/l/000082.jpg,l
data/l/000083.jpg,l
data/l/000084.jpg,l
data/l/000085.jpg,l
data/l/000086.jpg,l
data/l/000087.jpg,l
data/l/000088.jpg,l
data/l/000089.jpg,l
data/l/000090.jpg,l
data/l/000091.jpg,l
data/l/000092.jpg,l
data/l/000093.jpg,l
data/l/000094.jpg,l
data/l/000095.jpg,l
data/l/000096.jpg,l
data/l/000097.jpg,l
data/l/000098.jpg,l
data/l/000099.jpg,l
data/l/000100.jpg,l
data/l/000101.jpg,l
data/l/000102.jpg,l
data/l/000103.jpg,l
data/l/000104.jpg,l
data/l/000105.jpg,l
data/l/000106.jpg,l
data/l/000107.jpg,l
data/l/000108.jpg,l
data/l/000109.jpg,l
data/l/000110.jpg,l
data/l/000111.jpg,l
data/l/000112.jpg,l
data/l/000113.jpg,l
data/l/000114.jpg,l
data/l/000115.jpg,l
data/l/000116.jpg,l
data/l/000117.jpg,l
data/l/000118.jpg,l
data/l/000119.jpg,l
data/l/000120.jpg,l
data/l/000121.jpg,l
data/l/000122.jpg,l
data/l/000123.jpg,l
data/l/000124.jpg,l
data/l/000125.jpg,l
data/l/000126.jpg,l
data/l/000127.jpg,l
data/l/000128.jpg,l
data/l/000129.jpg,l
data/l/000130.jpg,l
data/l/000131.jpg,l
data/l/000132.jpg,l
data/l/000133.jpg,l
data/l/000134.jpg,l
data/l/000135.jpg,l
data/l/000136.jpg,l
data/l/000137.jpg,l
data/l/000138.jpg,l
data/l/000139.jpg,l
data/l/000140.jpg,l
data/l/000141.jpg,l
data/l/000142.jpg,l
data/l/000143.jpg,l
data/l/000144.jpg,l
data/l/000145.jpg,l
data/l/000146.jpg,l
data/l/000147.jpg,l
data/l/000148.jpg,l
data/l/000149.jpg,l
data/l/000150.jpg,l
data/l/000151.jpg,l
data/l/000152.jpg,l
data/l/000153.jpg,l
data/l/000154.jpg,l
data/l/000155.jpg,l
data/l/000156.jpg,l
data/l/000157.jpg,l
data/l/000158.jpg,l
data/l/000159.jpg,l
data/l/000160.jpg,l
data/l/000161.jpg,l
data/l/000162.jpg,l
data/l/000163.jpg,l
data/l/000164.jpg,l
data/l/000165.jpg,l
data/l/000166.jpg,l
data/l/000167.jpg,l
data/l/000168.jpg,l
data/l/000169.jpg,l
data/l/000170.jpg,l
data/l/000171.jpg,l
data/l/000172.jpg,l
data/l/000173.jpg,l
data/l/000174.jpg,l
data/l/000175.jpg,l
data/l/000176.jpg,l
data/l/000177.jpg,l
data/l/000178.jpg,l
data/l/000179.jpg,l
data/l/000180.jpg,l
data/l/000181.jpg,l
data/l/000182.jpg,l
data/l/000183.jpg,l
data/l/000184.jpg,l
data/l/000185.jpg,l
data/l/000186.jpg,l
data/l/000187.jpg,l
data/l/000188.jpg,l
data/l/000189.jpg,l
data/l/000190.jpg,l
data/l/000191.jpg,l
data/l/000192.jpg,l
data/l/000193.jpg,l
data/l/000194.jpg,l
data/l/000195.jpg,l
data/l/000196.jpg,l
data/l/000197.jpg,l
data/l/000198.jpg,l
data/l/000199.jpg,l
data/l/000200.jpg,l
data/l/000201.jpg,l
data/l/000202.jpg,l
data/l/000203.jpg,l
data/l/000204.jpg,l
data/l/000205.jpg,l
data/l/000206.jpg,l
data/l/000207.jpg,l
data/l/000208.jpg,l
data/l/000209.jpg,l
data/l/000210.jpg,l
data/l/000211.jpg,l
data/l/000212.jpg,l
data/l/000213.jpg,l
data/l/000214.jpg,l
data/l/000215.jpg,l
data/l/000216.jpg,l
data/l/000217.jpg,l
data/l/000218.jpg,l
data/l/000219.jpg,l
data/l/000220.jpg,l
data/l/000221.jpg,l
data/l/000222.jpg,l
data/l/000223.jpg,l
data/l/000224.jpg,l
data/l/000225.jpg,l
data/l/000226.jpg,l
data/l/000227.jpg,l
data/l/000228.jpg,l
data/l/000229.jpg,l
data/l/000230.jpg,l
data/l/000231.jpg,l
data/na/000000.jpg,n
data/na/000001.jpg,n
data/na/000002.jpg,n
data/na/000003.jpg,n
data/na/000004.jpg,n
data/na/000005.jpg,n
data/na/000006.jpg,n
data/na/000007.jpg,n
data/na/000008.jpg,n
data/na/000009.jpg,n
data/na/000010.jpg,n
data/na/000011.jpg,n
data/na/000012.jpg,n
data/na/000013.jpg,n
data/na/000014.jpg,n
data/na/000015.jpg,n
data/na/000016.jpg,n
data/na/000017.jpg,n
data/na/000018.jpg,n
data/na/000019.jpg,n
data/na/000020.jpg,n
data/na/000021.jpg,n
data/na/000022.jpg,n
data/na/000023.jpg,n
data/na/000024.jpg,n
data/na/000025.jpg,n
data/na/000026.jpg,n
data/na/000027.jpg,n
data/na/000028.jpg,n
data/na/000029.jpg,n
data/na/000030.jpg,n
data/na/000031.jpg,n
data/na/000032.jpg,n
data/na/000033.jpg,n
data/na/000034.jpg,n
data/na/000035.jpg,n
data/na/000036.jpg,n
data/na/000037.jpg,n
data/na/000038.jpg,n
data/na/000039.jpg,n
data/na/000040.jpg,n
data/na/000041.jpg,n
data/na/000042.jpg,n
data/na/000043.jpg,n
data/na/000044.jpg,n
data/na/000045.jpg,n
data/na/000046.jpg,n
data/na/000047.jpg,n
data/na/000048.jpg,n
data/na/000049.jpg,n
data/na/000050.jpg,n
data/na/000051.jpg,n
data/na/000052.jpg,n
data/na/000053.jpg,n
data/na/000054.jpg,n
data/na/000055.jpg,n
data/na/000056.jpg,n
data/na/000057.jpg,n
data/na/000058.jpg,n
data/na/000059.jpg,n
data/na/000060.jpg,n
data/na/000061.jpg,n
data/na/000062.jpg,n
data/na/000063.jpg,n
data/na/000064.jpg,n
data/na/000065.jpg,n
data/na/000066.jpg,n
data/na/000067.jpg,n
data/na/000068.jpg,n
data/na/000069.jpg,n
data/na/000070.jpg,n
data/na/000071.jpg,n
data/na/000072.jpg,n
data/na/000073.jpg,n
data/na/000074.jpg,n
data/na/000075.jpg,n
data/na/000076.jpg,n
data/na/000077.jpg,n
data/na/000078.jpg,n
data/na/000079.jpg,n
data/na/000080.jpg,n
data/na/000081.jpg,n
data/na/000082.jpg,n
data/na/000083.jpg,n
data/na/000084.jpg,n
data/na/000085.jpg,n
data/na/000086.jpg,n
data/na/000087.jpg,n
data/na/000088.jpg,n
data/na/000089.jpg,n
data/na/000090.jpg,n
data/na/000091.jpg,n
data/na/000092.jpg,n
data/na/000093.jpg,n
data/na/000094.jpg,n
data/na/000095.jpg,n
data/na/000096.jpg,n
data/na/000097.jpg,n
data/na/000098.jpg,n
data/na/000099.jpg,n
data/na/000100.jpg,n
data/na/000101.jpg,n
data/na/000102.jpg,n
data/na/000103.jpg,n
data/na/000104.jpg,n
data/na/000105.jpg,n
data/na/000106.jpg,n
data/na/000107.jpg,n
data/na/000108.jpg,n
data/na/000109.jpg,n
data/na/000110.jpg,n
data/na/000111.jpg,n
data/na/000112.jpg,n
data/na/000113.jpg,n
data/na/000114.jpg,n
data/na/000115.jpg,n
data/na/000116.jpg,n
data/na/000117.jpg,n
data/na/000118.jpg,n
data/na/000119.jpg,n
data/na/000120.jpg,n
data/na/000121.jpg,n
data/na/000122.jpg,n
data/na/000123.jpg,n
data/na/000124.jpg,n
data/na/000125.jpg,n
data/na/000126.jpg,n
data/na/000127.jpg,n
data/na/000128.jpg,n
data/na/000129.jpg,n
data/na/000130.jpg,n
data/na/000131.jpg,n
data/na/000132.jpg,n
data/na/000133.jpg,n
data/na/000134.jpg,n
data/na/000135.jpg,n
data/na/000136.jpg,n
data/na/000137.jpg,n
data/na/000138.jpg,n
data/na/000139.jpg,n
data/na/000140.jpg,n
data/na/000141.jpg,n
data/na/000142.jpg,n
data/na/000143.jpg,n
data/na/000144.jpg,n
data/na/000145.jpg,n
data/na/000146.jpg,n
data/na/000147.jpg,n
data/na/000148.jpg,n
data/na/000149.jpg,n
data/na/000150.jpg,n
data/na/000151.jpg,n
data/na/000152.jpg,n
data/na/000153.jpg,n
data/na/000154.jpg,n
data/na/000155.jpg,n
data/na/000156.jpg,n
data/na/000157.jpg,n
data/na/000158.jpg,n
data/na/000159.jpg,n
data/na/000160.jpg,n
data/na/000161.jpg,n
data/na/000162.jpg,n
data/na/000163.jpg,n
data/na/000164.jpg,n
data/na/000165.jpg,n
data/na/000166.jpg,n
data/na/000167.jpg,n
data/na/000168.jpg,n
data/na/000169.jpg,n
data/na/000170.jpg,n
data/na/000171.jpg,n
data/na/000172.jpg,n
data/na/000173.jpg,n
data/na/000174.jpg,n
data/na/000175.jpg,n
data/na/000176.jpg,n
data/na/000177.jpg,n
data/na/000178.jpg,n
data/na/000179.jpg,n
data/na/000180.jpg,n
data/na/000181.jpg,n
data/na/000182.jpg,n
data/na/000183.jpg,n
data/na/000184.jpg,n
data/na/000185.jpg,n
data/na/000186.jpg,n
data/na/000187.jpg,n
data/na/000188.jpg,n
data/na/000189.jpg,n
data/na/000190.jpg,n
data/na/000191.jpg,n
data/na/000192.jpg,n
data/na/000193.jpg,n
data/na/000194.jpg,n
data/na/000195.jpg,n
data/na/000196.jpg,n
data/na/000197.jpg,n
data/na/000198.jpg,n
data/na/000199.jpg,n
data/na/000200.jpg,n
data/na/000201.jpg,n
data/na/000202.jpg,n
data/na/000203.jpg,n
data/na/000204.jpg,n
data/na/000205.jpg,n
data/na/000206.jpg,n
data/na/000207.jpg,n
data/na/000208.jpg,n
data/na/000209.jpg,n
data/na/000210.jpg,n
data/na/000211.jpg,n
data/na/000212.jpg,n
data/na/000213.jpg,n
data/na/000214.jpg,n
data/na/000215.jpg,n
data/na/000216.jpg,n
data/na/000217.jpg,n
data/na/000218.jpg,n
data/na/000219.jpg,n
data/na/000220.jpg,n
data/na/000221.jpg,n
data/na/000222.jpg,n
data/na/000223.jpg,n
data/na/000224.jpg,n
data/na/000225.jpg,n
data/na/000226.jpg,n
data/na/000227.jpg,n
data/na/000228.jpg,n
data/na/000229.jpg,n
data/na/000230.jpg,n
data/na/000231.jpg,n
data/na/000232.jpg,n
data/na/000233.jpg,n
data/na/000234.jpg,n
data/na/000235.jpg,n
data/na/000236.jpg,n
data/na/000237.jpg,n
data/na/000238.jpg,n
data/na/000239.jpg,n
data/na/000240.jpg,n
data/na/000241.jpg,n
data/na/000242.jpg,n
data/na/000243.jpg,n
data/na/000244.jpg,n
data/na/000245.jpg,n
data/na/000246.jpg,n
data/na/000247.jpg,n
data/na/000248.jpg,n
data/na/000249.jpg,n
data/na/000250.jpg,n
data/na/000251.jpg,n
data/na/000252.jpg,n
data/na/000253.jpg,n
data/na/000254.jpg,n
data/na/000255.jpg,n
data/na/000256.jpg,n
data/na/000257.jpg,n
data/na/000258.jpg,n
data/na/000259.jpg,n
data/na/000260.jpg,n
data/na/000261.jpg,n
data/na/000262.jpg,n
data/na/000263.jpg,n
data/na/000264.jpg,n
data/na/000265.jpg,n
data/na/000266.jpg,n
data/na/000267.jpg,n
data/na/000268.jpg,n
data/na/000269.jpg,n
data/na/000270.jpg,n
data/na/000271.jpg,n
data/na/000272.jpg,n
data/na/000273.jpg,n
data/na/000274.jpg,n
data/na/000275.jpg,n
data/na/000276.jpg,n
data/na/000277.jpg,n
data/na/000278.jpg,n
data/na/000279.jpg,n
data/na/000280.jpg,n
data/na/000281.jpg,n
data/na/000282.jpg,n
data/na/000283.jpg,n
data/na/000284.jpg,n
data/na/000285.jpg,n
data/na/000286.jpg,n
data/na/000287.jpg,n
data/na/000288.jpg,n
data/na/000289.jpg,n
data/na/000290.jpg,n
data/na/000291.jpg,n
data/na/000292.jpg,n
data/na/000293.jpg,n
data/na/000294.jpg,n
data/na/000295.jpg,n
data/na/000296.jpg,n
data/na/000297.jpg,n
data/na/000298.jpg,n
data/na/000299.jpg,n
data/na/002333.jpg,n
data/na/002334.jpg,n
data/na/002335.jpg,n
data/na/002336.jpg,n
data/na/002337.jpg,n
data/na/002338.jpg,n
data/na/002339.jpg,n
data/na/002340.jpg,n
data/na/002341.jpg,n
data/na/002342.jpg,n
data/na/002343.jpg,n
data/na/002344.jpg,n
data/na/002345.jpg,n
data/na/002346.jpg,n
data/na/002347.jpg,n
data/na/002348.jpg,n
data/na/002349.jpg,n
data/na/002350.jpg,n
data/na/002351.jpg,n
data/na/002352.jpg,n
data/na/002353.jpg,n
data/na/002354.jpg,n
data/na/002355.jpg,n
data/na/002356.jpg,n
data/na/002357.jpg,n
data/na/002358.jpg,n
data/na/002359.jpg,n
data/na/002360.jpg,n
data/na/002361.jpg,n
data/na/002362.jpg,n
data/r/000000.jpg,r
data/r/000001.jpg,r
data/r/000002.jpg,r
data/r/000003.jpg,r
data/r/000004.jpg,r
data/r/000005.jpg,r
data/r/000006.jpg,r
data/r/000007.jpg,r
data/r/000008.jpg,r
data/r/000009.jpg,r
data/r/000010.jpg,r
data/r/000011.jpg,r
data/r/000012.jpg,r
data/r/000013.jpg,r
data/r/000014.jpg,r
data/r/000015.jpg,r
data/r/000016.jpg,r
data/r/000017.jpg,r
data/r/000018.jpg,r
data/r/000019.jpg,r
data/r/000020.jpg,r
data/r/000021.jpg,r
data/r/000022.jpg,r
data/r/000023.jpg,r
data/r/000024.jpg,r
data/r/000025.jpg,r
data/r/000026.jpg,r
data/r/000027.jpg,r
data/r/000028.jpg,r
data/r/000029.jpg,r
data/r/000030.jpg,r
data/r/000031.jpg,r
data/r/000032.jpg,r
data/r/000033.jpg,r
data/r/000034.jpg,r
data/r/000035.jpg,r
data/r/000036.jpg,r
data/r/000037.jpg,r
data/r/000038.jpg,r
data/r/000039.jpg,r
data/r/000040.jpg,r
data/r/000041.jpg,r
data/r/000042.jpg,r
data/r/000043.jpg,r
data/r/000044.jpg,r
data/r/000045.jpg,r
data/r/000046.jpg,r
data/r/000047.jpg,r
data/r/000048.jpg,r
data/r/000049.jpg,r
data/r/000050.jpg,r
data/r/000051.jpg,r
data/r/000052.jpg,r
data/r/000053.jpg,r
data/r/000054.jpg,r
data/r/000055.jpg,r
data/r/000056.jpg,r
data/r/000057.jpg,r
data/r/000058.jpg,r
data/r/000059.jpg,r
data/r/000060.jpg,r
data/r/000061.jpg,r
data/r/000062.jpg,r
data/r/000063.jpg,r
data/r/000064.jpg,r
data/r/000065.jpg,r
data/r/000066.jpg,r
data/r/000067.jpg,r
data/r/000068.jpg,r
data/r/000069.jpg,r
data/r/000070.jpg,r
data/r/000071.jpg,r
data/r/000072.jpg,r
data/r/000073.jpg,r
data/r/000074.jpg,r
data/r/000075.jpg,r
data/r/000076.jpg,r
data/r/000077.jpg,r
data/r/000078.jpg,r
data/r/000079.jpg,r
data/r/000080.jpg,r
data/r/000081.jpg,r
data/r/000082.jpg,r
data/r/000083.jpg,r
data/r/000084.jpg,r
data/r/000085.jpg,r
data/r/000086.jpg,r
data/r/000087.jpg,r
data/r/000088.jpg,r
data/r/000089.jpg,r
data/r/000090.jpg,r
data/r/000091.jpg,r
data/r/000092.jpg,r
data/r/000093.jpg,r
data/r/000094.jpg,r
data/r/000095.jpg,r
data/r/000096.jpg,r
data/r/000097.jpg,r
data/r/000098.jpg,r
data/r/000099.jpg,r
data/r/000100.jpg,r
data/r/000101.jpg,r
data/r/000102.jpg,r
data/r/000103.jpg,r
data/r/000104.jpg,r
data/r/000105.jpg,r
data/r/000106.jpg,r
data/r/000107.jpg,r
data/r/000108.jpg,r
data/r/000109.jpg,r
data/r/000110.jpg,r
data/r/000111.jpg,r
data/r/000112.jpg,r
data/r/000113.jpg,r
data/r/000114.jpg,r
data/r/000115.jpg,r
data/r/000116.jpg,r
data/r/000117.jpg,r
data/r/000118.jpg,r
data/r/000119.jpg,r
data/r/000120.jpg,r
data/r/000121.jpg,r
data/r/000122.jpg,r
data/r/000123.jpg,r
data/r/000124.jpg,r
data/r/000125.jpg,r
data/r/000126.jpg,r
data/r/000127.jpg,r
data/r/000128.jpg,r
data/r/000129.jpg,r
data/r/000130.jpg,r
data/r/000131.jpg,r
data/r/000132.jpg,r
data/r/000133.jpg,r
data/r/000134.jpg,r
data/r/000135.jpg,r
data/r/000136.jpg,r
data/r/000137.jpg,r
data/r/000138.jpg,r
data/r/000139.jpg,r
data/r/000140.jpg,r
data/r/000141.jpg,r
data/r/000142.jpg,r
data/r/000143.jpg,r
data/r/000144.jpg,r
data/r/000145.jpg,r
data/r/000146.jpg,r
data/r/000147.jpg,r
data/r/000148.jpg,r
data/r/000149.jpg,r
data/r/000150.jpg,r
data/r/000151.jpg,r
data/r/000152.jpg,r
data/r/000153.jpg,r
data/r/000154.jpg,r
data/r/000155.jpg,r
data/r/000156.jpg,r
data/r/000157.jpg,r
data/r/000158.jpg,r
data/r/000159.jpg,r
data/r/000160.jpg,r
data/r/000161.jpg,r
data/r/000162.jpg,r
data/r/000163.jpg,r
data/r/000164.jpg,r
data/r/000165.jpg,r
data/r/000166.jpg,r
data/r/000167.jpg,r
data/r/000168.jpg,r
data/r/000169.jpg,r
data/r/000170.jpg,r
data/r/000171.jpg,r
data/r/000172.jpg,r
data/r/000173.jpg,r
data/r/000174.jpg,r
data/r/000175.jpg,r
data/r/000176.jpg,r
data/r/000177.jpg,r
data/r/000178.jpg,r
data/r/000179.jpg,r
data/r/000180.jpg,r
data/r/000181.jpg,r
data/r/000182.jpg,r
data/r/000183.jpg,r
data/r/000184.jpg,r
data/r/000185.jpg,r
data/r/000186.jpg,r
data/r/000187.jpg,r
data/r/000188.jpg,r
data/r/000189.jpg,r
data/r/000190.jpg,r
data/r/000191.jpg,r
data/r/000192.jpg,r
data/r/000193.jpg,r
data/r/000194.jpg,r
data/r/000195.jpg,r
data/r/000196.jpg,r
data/r/000197.jpg,r
data/r/000198.jpg,r
data/r/000199.jpg,r
data/r/000200.jpg,r
data/r/000201.jpg,r
data/r/000202.jpg,r
data/r/000203.jpg,r
data/r/000204.jpg,r
data/r/000205.jpg,r
data/r/000206.jpg,r
data/r/000207.jpg,r
data/r/000208.jpg,r
data/r/000209.jpg,r
data/r/000210.jpg,r
data/r/000211.jpg,r
data/r/000212.jpg,r
data/r/000213.jpg,r
data/r/000214.jpg,r
data/r/000215.jpg,r
data/r/000216.jpg,r
data/r/000217.jpg,r
data/r/000218.jpg,r
data/r/000219.jpg,r
data/r/000220.jpg,r
data/r/000221.jpg,r
data/r/000222.jpg,r
data/r/000223.jpg,r
data/r/000224.jpg,r
data/r/000225.jpg,r
data/r/000226.jpg,r
data/r/000227.jpg,r
data/r/000228.jpg,r
data/r/000229.jpg,r
data/r/000230.jpg,r
data/r/000231.jpg,r
data/r/000232.jpg,r
data/r/000233.jpg,r
data/r/000234.jpg,r
data/r/000235.jpg,r
data/r/000236.jpg,r
data/r/000237.jpg,r
data/r/000238.jpg,r
data/r/000239.jpg,r
data/r/000240.jpg,r
data/r/000241.jpg,r
data/r/000242.jpg,r
data/r/000243.jpg,r
data/r/000244.jpg,r
data/r/000245.jpg,r
data/r/000246.jpg,r
data/r/000247.jpg,r
data/r/000248.jpg,r
data/r/000249.jpg,r
data/r/000250.jpg,r
data/r/000251.jpg,r
data/r/000252.jpg,r
data/r/000253.jpg,r
data/r/000254.jpg,r
data/r/000255.jpg,r
data/r/000256.jpg,r
data/r/000257.jpg,r
data/r/000258.jpg,r
data/r/000259.jpg,r
data/r/000260.jpg,r
data/r/000261.jpg,r
data/r/000262.jpg,r
data/r/000263.jpg,r
data/r/000264.jpg,r
data/r/000265.jpg,r
data/r/000266.jpg,r
data/r/000267.jpg,r
data/r/000268.jpg,r
data/r/000269.jpg,r
data/r/000270.jpg,r
data/r/000271.jpg,r
data/r/000272.jpg,r
data/r/000273.jpg,r
data/r/000274.jpg,r
data/r/000275.jpg,r
data/r/000276.jpg,r
data/r/000277.jpg,r
data/r/000278.jpg,r
data/r/000279.jpg,r
data/r/000280.jpg,r
data/r/000281.jpg,r
data/u/000000.jpg,u
data/u/000001.jpg,u
data/u/000002.jpg,u
data/u/000003.jpg,u
data/u/000004.jpg,u
data/u/000005.jpg,u
data/u/000006.jpg,u
data/u/000007.jpg,u
data/u/000008.jpg,u
data/u/000009.jpg,u
data/u/000010.jpg,u
data/u/000011.jpg,u
data/u/000012.jpg,u
data/u/000013.jpg,u
data/u/000014.jpg,u
data/u/000015.jpg,u
data/u/000016.jpg,u
data/u/000017.jpg,u
data/u/000018.jpg,u
data/u/000019.jpg,u
data/u/000020.jpg,u
data/u/000021.jpg,u
data/u/000022.jpg,u
data/u/000023.jpg,u
data/u/000024.jpg,u
data/u/000025.jpg,u
data/u/000026.jpg,u
data/u/000027.jpg,u
data/u/000028.jpg,u
data/u/000029.jpg,u
data/u/000030.jpg,u
data/u/000031.jpg,u
data/u/000032.jpg,u
data/u/000033.jpg,u
data/u/000034.jpg,u
data/u/000035.jpg,u
data/u/000036.jpg,u
data/u/000037.jpg,u
data/u/000038.jpg,u
data/u/000039.jpg,u
data/u/000040.jpg,u
data/u/000041.jpg,u
data/u/000042.jpg,u
data/u/000043.jpg,u
data/u/000044.jpg,u
data/u/000045.jpg,u
data/u/000046.jpg,u
data/u/000047.jpg,u
data/u/000048.jpg,u
data/u/000049.jpg,u
data/u/000050.jpg,u
data/u/000051.jpg,u
data/u/000052.jpg,u
data/u/000053.jpg,u
data/u/000054.jpg,u
data/u/000055.jpg,u
data/u/000056.jpg,u
data/u/000057.jpg,u
data/u/000058.jpg,u
data/u/000059.jpg,u
data/u/000060.jpg,u
data/u/000061.jpg,u
data/u/000062.jpg,u
data/u/000063.jpg,u
data/u/000064.jpg,u
data/u/000065.jpg,u
data/u/000066.jpg,u
data/u/000067.jpg,u
data/u/000068.jpg,u
data/u/000069.jpg,u
data/u/000070.jpg,u
data/u/000071.jpg,u
data/u/000072.jpg,u
data/u/000073.jpg,u
data/u/000074.jpg,u
data/u/000075.jpg,u
data/u/000076.jpg,u
data/u/000077.jpg,u
data/u/000078.jpg,u
data/u/000079.jpg,u
data/u/000080.jpg,u
data/u/000081.jpg,u
data/u/000082.jpg,u
data/u/000083.jpg,u
data/u/000084.jpg,u
data/u/000085.jpg,u
data/u/000086.jpg,u
data/u/000087.jpg,u
data/u/000088.jpg,u
data/u/000089.jpg,u
data/u/000090.jpg,u
data/u/000091.jpg,u
data/u/000092.jpg,u
data/u/000093.jpg,u
data/u/000094.jpg,u
data/u/000095.jpg,u
data/u/000096.jpg,u
data/u/000097.jpg,u
data/u/000098.jpg,u
data/u/000099.jpg,u
data/u/000100.jpg,u
data/u/000101.jpg,u
data/u/000102.jpg,u
data/u/000103.jpg,u
data/u/000104.jpg,u
data/u/000105.jpg,u
data/u/000106.jpg,u
data/u/000107.jpg,u
data/u/000108.jpg,u
data/u/000109.jpg,u
data/u/000110.jpg,u
data/u/000111.jpg,u
data/u/000112.jpg,u
data/u/000113.jpg,u
data/u/000114.jpg,u
data/u/000115.jpg,u
data/u/000116.jpg,u
data/u/000117.jpg,u
data/u/000118.jpg,u
data/u/000119.jpg,u
data/u/000120.jpg,u
data/u/000121.jpg,u
data/u/000122.jpg,u
data/u/000123.jpg,u
data/u/000124.jpg,u
data/u/000125.jpg,u
data/u/000126.jpg,u
data/u/000127.jpg,u
data/u/000128.jpg,u
data/u/000129.jpg,u
data/u/000130.jpg,u
data/u/000131.jpg,u
data/u/000132.jpg,u
data/u/000133.jpg,u
data/u/000134.jpg,u
data/u/000135.jpg,u
data/u/000136.jpg,u
data/u/000137.jpg,u
data/u/000138.jpg,u
data/u/000139.jpg,u
data/u/000140.jpg,u
data/u/000141.jpg,u
data/u/000142.jpg,u
data/u/000143.jpg,u
data/u/000144.jpg,u
data/u/000145.jpg,u
data/u/000146.jpg,u
data/u/000147.jpg,u
data/u/000148.jpg,u
data/u/000149.jpg,u
data/u/000150.jpg,u
data/u/000151.jpg,u
data/u/000152.jpg,u
data/u/000153.jpg,u
data/u/000154.jpg,u
data/u/000155.jpg,u
data/u/000156.jpg,u
data/u/000157.jpg,u
data/u/000158.jpg,u
data/u/000159.jpg,u
data/u/000160.jpg,u
data/u/000161.jpg,u
data/u/000162.jpg,u
data/u/000163.jpg,u
data/u/000164.jpg,u
data/u/000165.jpg,u
data/u/000166.jpg,u
data/u/000167.jpg,u
data/u/000168.jpg,u
data/u/000169.jpg,u
data/u/000170.jpg,u
data/u/000171.jpg,u
data/u/000172.jpg,u
data/u/000173.jpg,u
data/u/000174.jpg,u
data/u/000175.jpg,u
data/u/000176.jpg,u
data/u/000177.jpg,u
data/u/000178.jpg,u
data/u/000179.jpg,u
data/u/000180.jpg,u
data/u/000181.jpg,u
data/u/000182.jpg,u
data/u/000183.jpg,u
data/u/000184.jpg,u
data/u/000185.jpg,u
data/u/000186.jpg,u
data/u/000187.jpg,u
data/u/000188.jpg,u
data/u/000189.jpg,u
data/u/000190.jpg,u
data/u/000191.jpg,u
data/u/000192.jpg,u
data/u/000193.jpg,u
data/u/000194.jpg,u
data/u/000195.jpg,u
data/u/000196.jpg,u
data/u/000197.jpg,u
data/u/000198.jpg,u
data/u/000199.jpg,u
data/u/000200.jpg,u
data/u/000201.jpg,u
data/u/000202.jpg,u
data/u/000203.jpg,u
data/u/000204.jpg,u
data/u/000205.jpg,u
data/u/000206.jpg,u
data/u/000207.jpg,u
data/u/000208.jpg,u
data/u/000209.jpg,u
data/u/000210.jpg,u
data/u/000211.jpg,u
data/u/000212.jpg,u
data/u/000213.jpg,u
data/u/000214.jpg,u
data/u/000215.jpg,u
data/u/000216.jpg,u
data/u/000217.jpg,u
data/u/000218.jpg,u
data/u/000219.jpg,u
data/u/000220.jpg,u
data/u/000221.jpg,u
data/u/000222.jpg,u
data/u/000223.jpg,u
data/u/000224.jpg,u
data/u/000225.jpg,u
data/u/000226.jpg,u
data/u/000227.jpg,u
data/u/000228.jpg,u
data/u/000229.jpg,u
data/u/000230.jpg,u
data/u/000231.jpg,u
data/u/000232.jpg,u
data/u/000233.jpg,u
data/u/000234.jpg,u
data/u/000235.jpg,u
data/u/000236.jpg,u
data/u/000237.jpg,u
data/u/000238.jpg,u
data/u/000239.jpg,u
data/u/000240.jpg,u
data/u/000241.jpg,u
data/u/000242.jpg,u
data/u/000243.jpg,u
data/u/000244.jpg,u
data/u/000245.jpg,u
data/u/000246.jpg,u
data/u/000247.jpg,u
data/u/000248.jpg,u
data/u/000249.jpg,u
data/u/000250.jpg,u
data/u/000251.jpg,u
data/u/000252.jpg,u
data/u/000253.jpg,u
data/u/000254.jpg,u
data/u/000255.jpg,u
data/u/000256.jpg,u
data/u/000257.jpg,u
data/u/000258.jpg,u
data/u/000259.jpg,u
data/u/000260.jpg,u
data/u/000261.jpg,u
data/u/000262.jpg,u
data/u/000263.jpg,u
data/u/000264.jpg,u
data/u/000265.jpg,u
data/u/000266.jpg,u
data/u/000267.jpg,u
data/u/000268.jpg,u
data/u/000269.jpg,u
data/u/000270.jpg,u
data/u/000271.jpg,u
data/u/000272.jpg,u
data/u/000273.jpg,u
data/u/000274.jpg,u
data/u/000275.jpg,u
data/u/000276.jpg,u
data/u/000277.jpg,u
data/u/000278.jpg,u
data/u/000279.jpg,u
data/u/000280.jpg,u
data/u/000281.jpg,u
data/u/000282.jpg,u
data/u/000283.jpg,u
data/u/000284.jpg,u
data/u/000285.jpg,u
data/u/000286.jpg,u
data/u/000287.jpg,u
data/u/000288.jpg,u
data/u/000289.jpg,u
data/u/000290.jpg,u
data/u/000291.jpg,u
data/u/000292.jpg,u
data/u/000293.jpg,u
data/u/000294.jpg,u
data/u/000295.jpg,u
data/u/000296.jpg,u
data/u/000297.jpg,u
data/u/000298.jpg,u
data/u/000299.jpg,u
data/u/000300.jpg,u
data/u/000301.jpg,u
data/u/000302.jpg,u
data/u/000303.jpg,u
data/u/000304.jpg,u
data/u/000305.jpg,u
data/u/000306.jpg,u
data/u/000307.jpg,u
data/u/000308.jpg,u
data/u/000309.jpg,u
data/u/000310.jpg,u
data/u/000311.jpg,u
data/u/000312.jpg,u
data/u/000313.jpg,u
data/u/000314.jpg,u
data/u/000315.jpg,u
data/u/000316.jpg,u
data/u/000317.jpg,u
data/u/000318.jpg,u
data/u/000319.jpg,u
data/u/000320.jpg,u
data/u/000321.jpg,u
data/u/000322.jpg,u
data/u/000323.jpg,u
data/u/000325.jpg,u
data/u/000326.jpg,u
data/u/000327.jpg,u
data/u/000328.jpg,u
data/u/000329.jpg,u
data/u/000330.jpg,u
data/u/000331.jpg,u
data/u/000332.jpg,u
data/u/000333.jpg,u
data/u/000334.jpg,u
data/u/000335.jpg,u
data/u/000336.jpg,u
data/u/000337.jpg,u
data/u/000338.jpg,u
data/u/000339.jpg,u
data/u/000340.jpg,u
data/u/000341.jpg,u
data/u/000342.jpg,u
data/u/000343.jpg,u
data/u/000344.jpg,u
data/u/000345.jpg,u
data/u/000346.jpg,u
data/u/000347.jpg,u
data/u/000348.jpg,u
data/u/000349.jpg,u
data/u/000350.jpg,u
data/u/000351.jpg,u
data/u/000352.jpg,u
data/u/000353.jpg,u
data/u/000354.jpg,u
data/u/000355.jpg,u
data/u/000356.jpg,u
data/u/000357.jpg,u
data/u/000358.jpg,u
data/u/000359.jpg,u
data/u/000360.jpg,u
data/u/000361.jpg,u
data/u/000362.jpg,u
data/u/000363.jpg,u
data/u/000364.jpg,u
data/u/000365.jpg,u
data/u/000366.jpg,u
data/u/000367.jpg,u
data/u/000368.jpg,u
data/u/000369.jpg,u
data/u/000370.jpg,u
data/u/000371.jpg,u
data/u/000372.jpg,u
data/u/000373.jpg,u
data/u/000374.jpg,u
data/u/000375.jpg,u
data/u/000376.jpg,u
data/u/000377.jpg,u
data/u/000378.jpg,u
data/u/000379.jpg,u
data/u/000380.jpg,u
data/u/000381.jpg,u
data/u/000382.jpg,u
data/u/000383.jpg,u
data/u/000384.jpg,u
data/u/000385.jpg,u
data/u/000386.jpg,u
data/u/000387.jpg,u
data/u/000389.jpg,u
data/u/000390.jpg,u
data/u/000391.jpg,u
data/u/000392.jpg,u
data/u/000393.jpg,u
data/u/000394.jpg,u
data/u/000397.jpg,u
data/u/000400.jpg,u
data/u/000401.jpg,u
data/u/000402.jpg,u
data/u/000403.jpg,u
data/u/000404.jpg,u
data/u/000406.jpg,u
data/w/000000.jpg,w
data/w/000001.jpg,w
data/w/000002.jpg,w
data/w/000003.jpg,w
data/w/000004.jpg,w
data/w/000005.jpg,w
data/w/000006.jpg,w
data/w/000007.jpg,w
data/w/000008.jpg,w
data/w/000009.jpg,w
data/w/000010.jpg,w
data/w/000011.jpg,w
data/w/000012.jpg,w
data/w/000013.jpg,w
data/w/000014.jpg,w
data/w/000015.jpg,w
data/w/000016.jpg,w
data/w/000017.jpg,w
data/w/000018.jpg,w
data/w/000019.jpg,w
data/w/000020.jpg,w
data/w/000021.jpg,w
data/w/000022.jpg,w
data/w/000023.jpg,w
data/w/000024.jpg,w
data/w/000025.jpg,w
data/w/000026.jpg,w
data/w/000027.jpg,w
data/w/000028.jpg,w
data/w/000029.jpg,w
data/w/000030.jpg,w
data/w/000031.jpg,w
data/w/000032.jpg,w
data/w/000033.jpg,w
data/w/000034.jpg,w
data/w/000035.jpg,w
data/w/000036.jpg,w
data/w/000037.jpg,w
data/w/000038.jpg,w
data/w/000039.jpg,w
data/w/000040.jpg,w
data/w/000041.jpg,w
data/w/000042.jpg,w
data/w/000043.jpg,w
data/w/000044.jpg,w
data/w/000045.jpg,w
data/w/000046.jpg,w
data/w/000047.jpg,w
data/w/000048.jpg,w
data/w/000049.jpg,w
data/w/000050.jpg,w
data/w/000051.jpg,w
data/w/000052.jpg,w
data/w/000053.jpg,w
data/w/000054.jpg,w
data/w/000055.jpg,w
data/w/000056.jpg,w
data/w/000057.jpg,w
data/w/000058.jpg,w
data/w/000059.jpg,w
data/w/000060.jpg,w
data/w/000061.jpg,w
data/w/000062.jpg,w
data/w/000063.jpg,w
data/w/000064.jpg,w
data/w/000065.jpg,w
data/w/000066.jpg,w
data/w/000067.jpg,w
data/w/000068.jpg,w
data/w/000069.jpg,w
data/w/000070.jpg,w
data/w/000071.jpg,w
data/w/000072.jpg,w
data/w/000073.jpg,w
data/w/000074.jpg,w
data/w/000075.jpg,w
data/w/000076.jpg,w
data/w/000077.jpg,w
data/w/000078.jpg,w
data/w/000079.jpg,w
data/w/000080.jpg,w
data/w/000081.jpg,w
data/w/000082.jpg,w
data/w/000083.jpg,w
data/w/000084.jpg,w
data/w/000085.jpg,w
data/w/000086.jpg,w
data/w/000087.jpg,w
data/w/000088.jpg,w
data/w/000089.jpg,w
data/w/000090.jpg,w
data/w/000091.jpg,w
data/w/000092.jpg,w
data/w/000093.jpg,w
data/w/000094.jpg,w
data/w/000095.jpg,w
data/w/000096.jpg,w
data/w/000097.jpg,w
data/w/000098.jpg,w
data/w/000099.jpg,w
data/w/000100.jpg,w
data/w/000101.jpg,w
data/w/000102.jpg,w
data/w/000103.jpg,w
data/w/000104.jpg,w
data/w/000105.jpg,w
data/w/000106.jpg,w
data/w/000107.jpg,w
data/w/000108.jpg,w
data/w/000109.jpg,w
data/w/000110.jpg,w
data/w/000111.jpg,w
data/w/000112.jpg,w
data/w/000113.jpg,w
data/w/000114.jpg,w
data/w/000115.jpg,w
data/w/000116.jpg,w
data/w/000117.jpg,w
data/w/000118.jpg,w
data/w/000119.jpg,w
data/w/000120.jpg,w
data/w/000121.jpg,w
data/w/000122.jpg,w
data/w/000123.jpg,w
data/w/000124.jpg,w
data/w/000125.jpg,w
data/w/000126.jpg,w
data/w/000127.jpg,w
data/w/000128.jpg,w
data/w/000129.jpg,w
data/w/000130.jpg,w
data/w/000131.jpg,w
data/w/000132.jpg,w
data/w/000133.jpg,w
data/w/000134.jpg,w
data/w/000135.jpg,w
data/w/000136.jpg,w
data/w/000137.jpg,w
data/w/000138.jpg,w
data/w/000139.jpg,w
data/w/000140.jpg,w
data/w/000141.jpg,w
data/w/000142.jpg,w
data/w/000143.jpg,w
data/w/000144.jpg,w
data/w/000145.jpg,w
data/w/000146.jpg,w
data/w/000147.jpg,w
data/w/000148.jpg,w
data/w/000149.jpg,w
data/w/000150.jpg,w
data/w/000151.jpg,w
data/w/000152.jpg,w
data/w/000153.jpg,w
data/w/000154.jpg,w
data/w/000155.jpg,w
data/w/000156.jpg,w
data/w/000157.jpg,w
data/w/000158.jpg,w
data/w/000159.jpg,w
data/w/000160.jpg,w
data/w/000161.jpg,w
data/w/000162.jpg,w
data/w/000163.jpg,w
data/w/000164.jpg,w
data/w/000165.jpg,w
data/w/000166.jpg,w
data/w/000167.jpg,w
data/w/000168.jpg,w
data/w/000169.jpg,w
data/w/000170.jpg,w
data/w/000171.jpg,w
data/w/000172.jpg,w
data/w/000173.jpg,w
data/w/000174.jpg,w
data/w/000175.jpg,w
data/w/000176.jpg,w
data/w/000177.jpg,w
data/w/000178.jpg,w
data/w/000179.jpg,w
data/w/000180.jpg,w
data/w/000181.jpg,w
data/w/000182.jpg,w
data/w/000183.jpg,w
data/w/000184.jpg,w
data/w/000185.jpg,w
data/w/000186.jpg,w
data/w/000187.jpg,w
data/w/000188.jpg,w
data/w/000189.jpg,w
data/w/000190.jpg,w
data/w/000191.jpg,w
data/w/000192.jpg,w
data/w/000193.jpg,w
data/w/000194.jpg,w
data/w/000195.jpg,w
data/w/000196.jpg,w
data/w/000197.jpg,w
data/w/000198.jpg,w
data/w/000199.jpg,w
data/w/000200.jpg,w
data/w/000201.jpg,w
data/w/000202.jpg,w
data/w/000203.jpg,w
data/w/000204.jpg,w
data/w/000205.jpg,w
data/w/000206.jpg,w
data/w/000207.jpg,w
data/w/000208.jpg,w
data/w/000209.jpg,w
data/w/000210.jpg,w
data/w/000211.jpg,w
data/w/000212.jpg,w
data/w/000213.jpg,w
